{
  "node_name": "abplc 2",
  "group_name": "ab_plc_data",
  "timestamp": 1730706922189,
  "values": {
    "v1": 55,
    "v2": 1,
    "v3": 395.4,
    "v4": 0.0,
    "v5": 49.90808,
    "v6": 4.99862,
    "v7": 82.04749,
    "v8": 4.98884,
    "v9": 5.14623,
    "v10": 423.08044,
    "v11": 0.0,
    "v12": 0.0,
    "v13": 405.77563,
    "v14": 2.9997,
    "v15": 2.88796,
    "v16": 73.87188,
    "v17": 2.7689,
    "v18": 73.87188,
    "v19": 0.0,
    "v20": 0.0,
    "v21": 0.0,
    "v22": 70.0,
    "v23": 0.0,
    "v24": 0.0,
    "v25": 500.0
  },
  "errors": {},
  "metas": {}
}